,coef.name,coef.lda,coef.acr
1,logit_placebo,-1.774781772,-1.720336066
2,delta,1.722466225,1.452338615
3,gamma0,1.068649778,1.022745032
4,gamma,-0.138016498,-0.145687992
5,logit_new_mean,-1.013653056,-1.044554